fecha,simbolo,score,precio,recomendacion,señales
2026-04-26 15:09:52,FISV,3,1057.1,EVITAR,Golden Cross | MACD positivo
2026-04-26 15:09:52,ULTA,8,9704.81,COMPRAR ★★★,Golden Cross | RSI 59 óptimo | MACD positivo | Rebote EMA50 | EMA semanal alcista
2026-04-26 15:09:52,TSLA,6,6538.21,COMPRAR ★★,Golden Cross | RSI 61 óptimo | MACD positivo | Rebote EMA50
2026-04-26 15:09:52,GOLD,5,816.8,OBSERVAR,Golden Cross | MACD positivo | EMA semanal alcista
2026-04-26 15:09:52,UHS,7,3029.33,COMPRAR ★★,Golden Cross | RSI 41 rebote | MACD positivo | Volumen alto | Banda BB inferior
2026-04-26 15:09:52,ACN,4,3099.01,OBSERVAR,Golden Cross | RSI 34 rebote | Banda BB inferior
2026-04-26 15:09:52,IWM,6,4806.79,COMPRAR ★★,EMA alcista | MACD positivo | EMA semanal alcista
2026-04-26 15:09:52,AAPL,6,4709.67,COMPRAR ★★,EMA alcista | RSI 62 óptimo | MACD positivo
2026-04-26 15:09:52,HERDEZ,7,69.58,COMPRAR ★★,EMA alcista | RSI 44 rebote | Cruce MACD | BB zona baja | EMA semanal alcista
2026-04-26 15:09:52,FIBRAPL14,6,84.11,COMPRAR ★★,EMA alcista | MACD positivo | EMA semanal alcista
2026-04-26 15:09:52,ACX.MC,8,268.35,COMPRAR ★★★,EMA alcista | RSI 65 óptimo | MACD positivo | EMA semanal alcista
2026-04-26 15:09:52,DBC,7,518.82,COMPRAR ★★,EMA alcista | RSI 54 óptimo | Cruce MACD | EMA semanal alcista
2026-04-26 15:09:52,MS,6,3267.72,COMPRAR ★★,EMA alcista | MACD positivo | EMA semanal alcista
2026-04-26 15:09:52,ABT,4,1583.38,OBSERVAR,Golden Cross | Cruce MACD | Banda BB inferior
2026-04-26 15:09:52,NKE,5,776.49,OBSERVAR,Golden Cross | RSI 53 óptimo | MACD positivo
2026-04-26 15:09:52,UDR,8,604.13,COMPRAR ★★★,Golden Cross | RSI 54 óptimo | MACD positivo | Rebote EMA50 | EMA semanal alcista
2026-04-26 15:09:52,CTVA,7,1386.53,COMPRAR ★★,EMA alcista | Cruce MACD | Banda BB inferior | EMA semanal alcista
2026-04-26 15:09:52,BAC,4,904.37,OBSERVAR,EMA alcista | RSI 63 óptimo
2026-04-26 15:09:52,EL,3,1352.12,EVITAR,Golden Cross | MACD positivo
2026-04-26 15:09:52,EXR,6,2468.81,COMPRAR ★★,EMA alcista | MACD positivo | EMA semanal alcista
2026-04-26 15:09:52,VTI,4,6116.87,OBSERVAR,EMA alcista | MACD positivo
2026-04-26 15:09:52,YUM,8,2784.86,COMPRAR ★★★,EMA alcista | RSI 58 óptimo | MACD positivo | EMA semanal alcista
2026-04-26 15:09:52,VFC,6,343.85,COMPRAR ★★,EMA alcista | MACD positivo | EMA semanal alcista
2026-04-26 15:09:52,CHTR,6,3129.76,COMPRAR ★★,EMA alcista | RSI 34 rebote | Volumen alto | Banda BB inferior
2026-04-26 15:09:52,XEL,10,1375.23,COMPRAR ★★★,EMA alcista | RSI 45 óptimo | Cruce MACD | BB zona baja | Stoch 31 | Rebote EMA50 | EMA semanal alcista
2026-04-26 15:09:52,TTWO,3,3661.78,EVITAR,Golden Cross | MACD positivo
2026-04-26 15:09:52,JBHT,6,4319.25,COMPRAR ★★,EMA alcista | MACD positivo | EMA semanal alcista
2026-04-26 15:09:52,APA,7,655.56,COMPRAR ★★,EMA alcista | RSI 34 rebote | Cruce MACD | BB zona baja | EMA semanal alcista
2026-04-26 15:09:52,KTOS,4,1064.39,OBSERVAR,Golden Cross | Volumen alto | Banda BB inferior
2026-04-26 15:09:52,TFC,6,881.43,COMPRAR ★★,EMA alcista | MACD positivo | EMA semanal alcista
2026-04-26 15:09:52,AON,5,5579.81,OBSERVAR,Golden Cross | RSI 47 óptimo | BB zona baja | Rebote EMA50
2026-04-26 15:09:52,AXON,5,6899.96,OBSERVAR,Golden Cross | RSI 46 óptimo | MACD positivo
2026-04-26 15:09:52,MPWR,7,28357.04,COMPRAR ★★,EMA alcista | MACD positivo | Volumen alto | EMA semanal alcista
2026-04-26 15:09:52,HOOD,3,1471.84,EVITAR,Golden Cross | MACD positivo
2026-04-26 15:09:52,PRU,5,1636.9,OBSERVAR,Golden Cross | RSI 39 rebote | Cruce MACD | Banda BB inferior
2026-04-26 15:09:52,CE,7,1129.38,COMPRAR ★★,EMA alcista | RSI 52 óptimo | Cruce MACD | EMA semanal alcista
2026-04-26 15:09:52,HUM,4,3739.62,OBSERVAR,EMA alcista | MACD positivo
2026-04-26 15:09:52,NDAQ,8,1562.01,COMPRAR ★★★,Golden Cross | RSI 55 óptimo | MACD positivo | Volumen alto | EMA semanal alcista
2026-04-26 15:09:52,WDAY,5,2080.83,OBSERVAR,Golden Cross | RSI 42 rebote | MACD positivo | BB zona baja
2026-04-26 15:09:52,TEL,8,3729.89,COMPRAR ★★★,EMA alcista | RSI 53 óptimo | Cruce MACD | Volumen alto | BB zona baja | Rebote EMA50
2026-04-26 15:09:52,RVTY,5,1507.63,OBSERVAR,Golden Cross | RSI 47 óptimo | Volumen alto | BB zona baja
2026-04-26 15:09:52,SPGI,6,7589.23,COMPRAR ★★,Golden Cross | RSI 52 óptimo | MACD positivo | Rebote EMA50
2026-04-26 15:09:52,XLY,4,2062.24,OBSERVAR,EMA alcista | MACD positivo
2026-04-26 15:09:52,LABB,9,16.79,COMPRAR ★★★,EMA alcista | RSI 36 rebote | Cruce MACD | Volumen alto | Banda BB inferior | EMA semanal alcista
2026-04-26 15:09:52,CSX,7,789.0,COMPRAR ★★,EMA alcista | MACD positivo | Volumen alto | EMA semanal alcista
2026-04-26 15:09:52,CME,6,4952.92,COMPRAR ★★,Golden Cross | Cruce MACD | Banda BB inferior | EMA semanal alcista
2026-04-26 15:09:52,NRG,5,2776.7,OBSERVAR,Golden Cross | RSI 59 óptimo | Cruce MACD | Stoch 41
2026-04-26 15:09:52,NVDA,5,3618.69,OBSERVAR,EMA alcista | MACD positivo | Volumen alto
2026-04-26 15:09:52,ILMN,6,2221.91,COMPRAR ★★,EMA alcista | RSI 50 óptimo | EMA semanal alcista
2026-04-26 15:09:52,MPC,8,3894.43,COMPRAR ★★★,EMA alcista | RSI 36 rebote | Cruce MACD | BB zona baja | Stoch 37 | EMA semanal alcista
2026-04-26 15:09:52,FTV,6,1061.44,COMPRAR ★★,EMA alcista | MACD positivo | EMA semanal alcista
2026-04-26 15:09:52,ARKF,5,744.52,OBSERVAR,EMA alcista | Golden Cross | MACD positivo
2026-04-26 15:09:52,GCC,6,205.07,COMPRAR ★★,EMA alcista | MACD positivo | EMA semanal alcista
2026-04-26 15:09:52,STZ,7,2710.5,COMPRAR ★★,EMA alcista | RSI 51 óptimo | Cruce MACD | EMA semanal alcista
2026-04-26 15:09:52,DTE,9,2552.04,COMPRAR ★★★,EMA alcista | RSI 48 óptimo | Cruce MACD | Volumen alto | Stoch 45 | EMA semanal alcista
2026-04-26 15:09:52,CFG,8,1108.35,COMPRAR ★★★,EMA alcista | RSI 63 óptimo | MACD positivo | EMA semanal alcista
2026-04-26 15:09:52,EQIX,7,19264.71,COMPRAR ★★,EMA alcista | MACD positivo | Volumen alto | EMA semanal alcista
2026-04-26 15:09:52,EQR,8,1081.77,COMPRAR ★★★,EMA alcista | RSI 61 óptimo | MACD positivo | EMA semanal alcista
2026-04-26 15:09:52,PBR,7,362.62,COMPRAR ★★,EMA alcista | RSI 51 óptimo | Cruce MACD | EMA semanal alcista
2026-04-26 15:09:52,KEY,6,375.82,COMPRAR ★★,EMA alcista | MACD positivo | EMA semanal alcista
2026-04-26 15:09:52,CEMEXCPO,9,21.55,COMPRAR ★★★,EMA alcista | RSI 59 óptimo | MACD positivo | Volumen alto | EMA semanal alcista
2026-04-26 15:09:52,NEMAKA,5,3.34,OBSERVAR,Golden Cross | RSI 32 rebote | Cruce MACD | BB zona baja | Rebote EMA50
2026-04-26 15:09:52,AKAM,6,1654.97,COMPRAR ★★,Golden Cross | RSI 31 rebote | Cruce MACD | BB zona baja | EMA semanal alcista
2026-04-26 15:09:52,IR,9,1456.2,COMPRAR ★★★,Golden Cross | RSI 60 óptimo | MACD positivo | Volumen alto | Rebote EMA50 | EMA semanal alcista
2026-04-26 15:09:52,EWZ,7,693.96,COMPRAR ★★,EMA alcista | RSI 63 óptimo | Cruce MACD | EMA semanal alcista
2026-04-26 15:09:52,BBVA.MC,8,378.86,COMPRAR ★★★,EMA alcista | RSI 54 óptimo | Cruce MACD | Rebote EMA50 | EMA semanal alcista
2026-04-26 15:09:52,GOOG,6,5947.81,COMPRAR ★★,EMA alcista | MACD positivo | EMA semanal alcista
2026-04-26 15:09:52,DANHOS13,9,28.18,COMPRAR ★★★,EMA alcista | RSI 49 óptimo | Cruce MACD | BB zona baja | Stoch 33 | EMA semanal alcista
2026-04-26 15:09:52,VTRS,7,253.5,COMPRAR ★★,EMA alcista | MACD positivo | Volumen alto | EMA semanal alcista
2026-04-26 15:09:52,F,6,215.1,COMPRAR ★★,Golden Cross | RSI 64 óptimo | MACD positivo | Rebote EMA50
2026-04-26 15:09:52,DLR,7,3475.0,COMPRAR ★★,EMA alcista | MACD positivo | Volumen alto | EMA semanal alcista
2026-04-26 15:09:52,DOW,7,671.72,COMPRAR ★★,EMA alcista | RSI 44 rebote | Cruce MACD | BB zona baja | EMA semanal alcista
2026-04-26 15:09:52,ETN,4,7365.61,OBSERVAR,EMA alcista | MACD positivo
2026-04-26 15:09:52,ESS,8,4437.05,COMPRAR ★★★,EMA alcista | RSI 61 óptimo | MACD positivo | EMA semanal alcista
2026-04-26 15:09:52,EWX,6,1254.82,COMPRAR ★★,EMA alcista | MACD positivo | EMA semanal alcista
2026-04-26 15:09:52,AMD,5,6043.2,OBSERVAR,EMA alcista | MACD positivo | Volumen alto
2026-04-26 15:09:52,PGR,8,3490.46,COMPRAR ★★★,Golden Cross | RSI 55 óptimo | MACD positivo | Rebote EMA50 | EMA semanal alcista
2026-04-26 15:09:52,SWK,5,1331.62,OBSERVAR,Golden Cross | MACD positivo | EMA semanal alcista
2026-04-26 15:09:52,LMT,7,8921.19,COMPRAR ★★,Golden Cross | Cruce MACD | Volumen alto | Banda BB inferior | EMA semanal alcista
2026-04-26 15:09:52,MAA,9,2183.34,COMPRAR ★★★,Golden Cross | RSI 56 óptimo | MACD positivo | Stoch 49 | Rebote EMA50 | EMA semanal alcista
2026-04-26 15:09:52,DOV,6,3905.55,COMPRAR ★★,EMA alcista | MACD positivo | EMA semanal alcista
2026-04-26 15:09:52,OMAB,7,254.79,COMPRAR ★★,Golden Cross | RSI 48 óptimo | MACD positivo | EMA semanal alcista
2026-04-26 15:09:52,SBAC,8,3813.29,COMPRAR ★★★,EMA alcista | RSI 56 óptimo | MACD positivo | EMA semanal alcista
2026-04-26 15:09:52,ADP,5,3414.71,OBSERVAR,Golden Cross | RSI 39 rebote | MACD positivo | BB zona baja
2026-04-26 15:09:52,CAG,5,246.2,OBSERVAR,Golden Cross | MACD positivo | Banda BB inferior
2026-04-26 15:09:52,PNW,8,1777.46,COMPRAR ★★★,EMA alcista | RSI 49 óptimo | Cruce MACD | Stoch 48 | EMA semanal alcista
2026-04-26 15:09:52,CF,7,2101.16,COMPRAR ★★,EMA alcista | RSI 41 rebote | Cruce MACD | BB zona baja | EMA semanal alcista
2026-04-26 15:09:52,IRM,7,2016.02,COMPRAR ★★,EMA alcista | MACD positivo | Volumen alto | EMA semanal alcista
2026-04-26 15:09:52,EWG,6,735.83,COMPRAR ★★,EMA alcista | MACD positivo | EMA semanal alcista
2026-04-26 15:09:52,RF,8,482.33,COMPRAR ★★★,EMA alcista | RSI 62 óptimo | MACD positivo | EMA semanal alcista
2026-04-26 15:09:52,XLK,4,2783.82,OBSERVAR,EMA alcista | MACD positivo
2026-04-26 15:09:52,VLO,7,4097.89,COMPRAR ★★,EMA alcista | RSI 43 rebote | Cruce MACD | BB zona baja | EMA semanal alcista
2026-04-26 15:09:52,AOS,8,1118.6,COMPRAR ★★★,Golden Cross | RSI 49 óptimo | MACD positivo | BB zona baja | EMA semanal alcista
2026-04-26 15:09:52,EMN,8,1251.0,COMPRAR ★★★,EMA alcista | RSI 43 rebote | Cruce MACD | BB zona baja | Rebote EMA50 | EMA semanal alcista
2026-04-26 15:09:52,PLD,6,2468.99,COMPRAR ★★,EMA alcista | MACD positivo | EMA semanal alcista
2026-04-26 15:09:52,CNP,7,737.92,COMPRAR ★★,EMA alcista | RSI 41 rebote | Cruce MACD | BB zona baja | EMA semanal alcista
2026-04-26 15:09:52,ISRG,6,8378.57,COMPRAR ★★,Golden Cross | RSI 62 óptimo | MACD positivo | Volumen alto
2026-04-26 15:09:52,VRTX,9,7476.29,COMPRAR ★★★,Golden Cross | RSI 47 óptimo | MACD positivo | Banda BB inferior | EMA semanal alcista
2026-04-26 15:09:52,ARE,4,823.58,OBSERVAR,Golden Cross | MACD positivo | Rebote EMA50
2026-04-26 15:09:52,QQQ,4,11534.92,OBSERVAR,EMA alcista | MACD positivo
2026-04-26 15:09:52,EOG,7,2313.13,COMPRAR ★★,EMA alcista | RSI 35 rebote | Cruce MACD | BB zona baja | EMA semanal alcista
2026-04-26 15:09:52,MTB,8,3734.23,COMPRAR ★★★,EMA alcista | RSI 55 óptimo | MACD positivo | EMA semanal alcista
2026-04-26 15:09:52,WDC,6,7019.5,COMPRAR ★★,EMA alcista | MACD positivo | EMA semanal alcista
2026-04-26 15:09:52,L,8,1921.33,COMPRAR ★★★,EMA alcista | RSI 61 óptimo | MACD positivo | EMA semanal alcista
2026-04-26 15:09:52,ROP,6,6140.32,COMPRAR ★★,Golden Cross | RSI 44 rebote | MACD positivo | BB zona baja | Rebote EMA50
2026-04-26 15:09:52,GM,8,1356.12,COMPRAR ★★★,EMA alcista | RSI 64 óptimo | MACD positivo | EMA semanal alcista
2026-04-26 15:09:52,ALL,8,3698.79,COMPRAR ★★★,EMA alcista | RSI 57 óptimo | MACD positivo | EMA semanal alcista
2026-04-26 15:09:52,LH,6,4583.52,COMPRAR ★★,Golden Cross | RSI 40 rebote | BB zona baja | Rebote EMA50 | EMA semanal alcista
2026-04-26 15:09:52,HLT,6,5831.57,COMPRAR ★★,EMA alcista | MACD positivo | EMA semanal alcista
2026-04-26 15:09:52,ORBIA,8,20.99,COMPRAR ★★★,EMA alcista | RSI 36 rebote | Cruce MACD | Banda BB inferior | EMA semanal alcista
2026-04-26 15:09:52,ENPH,7,621.5,COMPRAR ★★,Golden Cross | RSI 61 óptimo | MACD positivo | EMA semanal alcista
2026-04-26 15:09:52,J,5,2199.67,OBSERVAR,Golden Cross | RSI 47 óptimo | MACD positivo
2026-04-26 15:09:52,PCTY,4,1775.55,OBSERVAR,Golden Cross | RSI 42 rebote | MACD positivo
2026-04-26 15:09:52,PLUG,4,54.56,OBSERVAR,EMA alcista | MACD positivo
2026-04-26 15:09:52,GD,6,5442.02,COMPRAR ★★,Golden Cross | Cruce MACD | Banda BB inferior | EMA semanal alcista
2026-04-26 15:09:52,ALB,8,3272.23,COMPRAR ★★★,EMA alcista | RSI 58 óptimo | MACD positivo | EMA semanal alcista
2026-04-26 15:09:52,CLX,4,1714.57,OBSERVAR,Golden Cross | RSI 40 rebote | Cruce MACD | BB zona baja
2026-04-26 15:09:52,FE,9,858.5,COMPRAR ★★★,EMA alcista | RSI 36 rebote | Cruce MACD | BB zona baja | Stoch 28 | Rebote EMA50 | EMA semanal alcista
2026-04-26 15:09:52,MNDY,5,1177.85,OBSERVAR,Golden Cross | RSI 50 óptimo | MACD positivo
2026-04-26 15:09:52,XLE,8,988.12,COMPRAR ★★★,EMA alcista | RSI 35 rebote | Cruce MACD | BB zona baja | Stoch 47 | EMA semanal alcista
2026-04-26 15:09:52,ITX.MC,9,1071.75,COMPRAR ★★★,Golden Cross | RSI 58 óptimo | MACD positivo | Volumen alto | Rebote EMA50 | EMA semanal alcista
2026-04-26 15:09:52,SBUX,6,1714.39,COMPRAR ★★,EMA alcista | MACD positivo | EMA semanal alcista
2026-04-26 15:09:52,BA,6,4038.65,COMPRAR ★★,EMA alcista | MACD positivo | EMA semanal alcista
2026-04-26 15:09:52,PEP,8,2700.77,COMPRAR ★★★,RSI 47 óptimo | MACD positivo | Stoch 45 | Rebote EMA50 | EMA semanal alcista
2026-04-26 15:09:52,FIBRAHD15,8,2.45,COMPRAR ★★★,EMA alcista | RSI 59 óptimo | MACD positivo | EMA semanal alcista
2026-04-26 15:09:52,CIBR,5,1168.29,OBSERVAR,Golden Cross | RSI 58 óptimo | MACD positivo
2026-04-26 15:09:52,EWQ,8,788.48,COMPRAR ★★★,EMA alcista | RSI 61 óptimo | MACD positivo | EMA semanal alcista
2026-04-26 15:09:52,PPL,8,673.28,COMPRAR ★★★,EMA alcista | RSI 50 óptimo | Cruce MACD | Stoch 47 | EMA semanal alcista
2026-04-26 15:09:52,DVN,6,832.96,COMPRAR ★★,EMA alcista | RSI 42 rebote | Cruce MACD | EMA semanal alcista
2026-04-26 15:09:52,ZBH,7,1585.64,COMPRAR ★★,EMA alcista | RSI 51 óptimo | Volumen alto | BB zona baja | Rebote EMA50
2026-04-26 15:09:52,CMG,8,594.4,COMPRAR ★★★,Golden Cross | RSI 55 óptimo | MACD positivo | Rebote EMA50 | EMA semanal alcista
2026-04-26 15:09:52,HON,8,3703.83,COMPRAR ★★★,Golden Cross | RSI 34 rebote | Cruce MACD | Volumen alto | Banda BB inferior | EMA semanal alcista
2026-04-26 15:09:52,CSCO,6,1546.55,COMPRAR ★★,EMA alcista | MACD positivo | EMA semanal alcista
2026-04-26 15:09:52,WMT,8,2257.36,COMPRAR ★★★,EMA alcista | RSI 56 óptimo | MACD positivo | EMA semanal alcista
2026-04-26 15:09:52,HAL,9,701.26,COMPRAR ★★★,EMA alcista | RSI 63 óptimo | MACD positivo | Cruce MACD | EMA semanal alcista
2026-04-26 15:09:52,GPC,5,1889.36,OBSERVAR,Golden Cross | RSI 58 óptimo | MACD positivo
2026-04-26 15:09:52,LVS,4,917.57,OBSERVAR,Golden Cross | RSI 44 rebote | Volumen alto | BB zona baja
2026-04-26 15:09:52,EWU,7,816.45,COMPRAR ★★,EMA alcista | RSI 56 óptimo | Cruce MACD | EMA semanal alcista
2026-04-26 15:09:52,SNA,9,6575.05,COMPRAR ★★★,EMA alcista | RSI 57 óptimo | MACD positivo | Volumen alto | EMA semanal alcista
2026-04-26 15:09:52,INCY,8,1644.54,COMPRAR ★★★,Golden Cross | RSI 49 óptimo | MACD positivo | Rebote EMA50 | EMA semanal alcista
2026-04-26 15:09:52,TRV,9,5259.93,COMPRAR ★★★,EMA alcista | RSI 60 óptimo | MACD positivo | Volumen alto | EMA semanal alcista
2026-04-26 15:09:52,INVH,4,471.38,OBSERVAR,EMA alcista | MACD positivo
2026-04-26 15:09:52,VWO,6,1025.47,COMPRAR ★★,EMA alcista | MACD positivo | EMA semanal alcista
2026-04-26 15:09:52,AMT,7,3096.4,COMPRAR ★★,Golden Cross | RSI 56 óptimo | MACD positivo | EMA semanal alcista
2026-04-26 15:09:52,MDT,5,1447.68,OBSERVAR,Golden Cross | RSI 40 rebote | Cruce MACD | Banda BB inferior
2026-04-26 15:09:52,PAYX,5,1560.62,OBSERVAR,Golden Cross | RSI 45 rebote | MACD positivo | BB zona baja
2026-04-26 15:09:52,GFNORTEO,7,194.01,COMPRAR ★★,EMA alcista | RSI 38 rebote | Cruce MACD | BB zona baja | EMA semanal alcista
2026-04-26 15:09:52,PH,8,16931.42,COMPRAR ★★★,EMA alcista | RSI 65 óptimo | MACD positivo | EMA semanal alcista
2026-04-26 15:09:52,UNG,4,179.14,OBSERVAR,Golden Cross | Volumen alto | Banda BB inferior
2026-04-26 15:09:52,AENA.MC,9,493.46,COMPRAR ★★★,EMA alcista | RSI 40 rebote | Cruce MACD | Banda BB inferior | Rebote EMA50 | EMA semanal alcista
2026-04-26 15:09:52,NTES,4,1921.33,OBSERVAR,Golden Cross | RSI 44 rebote | Cruce MACD | BB zona baja
2026-04-26 15:09:52,COO,6,1119.3,COMPRAR ★★,Golden Cross | Cruce MACD | Banda BB inferior | EMA semanal alcista
2026-04-26 15:09:52,HUBS,4,3880.19,OBSERVAR,Golden Cross | RSI 41 rebote | MACD positivo
2026-04-26 15:09:52,XYL,4,2110.37,OBSERVAR,Golden Cross | RSI 44 rebote | Cruce MACD | BB zona baja
2026-04-26 15:09:52,MTD,6,22282.57,COMPRAR ★★,Golden Cross | RSI 53 óptimo | Cruce MACD | BB zona baja | Rebote EMA50
2026-04-26 15:09:52,SYK,4,5690.49,OBSERVAR,Golden Cross | RSI 45 óptimo | BB zona baja
2026-04-26 15:09:52,IFF,8,1236.06,COMPRAR ★★★,Golden Cross | RSI 48 óptimo | BB zona baja | Stoch 36 | Rebote EMA50 | EMA semanal alcista
2026-04-26 15:09:52,HST,6,363.14,COMPRAR ★★,EMA alcista | MACD positivo | EMA semanal alcista
2026-04-26 15:09:52,CBOE,8,5278.7,COMPRAR ★★★,EMA alcista | RSI 58 óptimo | MACD positivo | EMA semanal alcista
2026-04-26 15:09:52,STX,6,10186.09,COMPRAR ★★,EMA alcista | MACD positivo | EMA semanal alcista
2026-04-26 15:09:52,SNOW,6,2438.06,COMPRAR ★★,Golden Cross | RSI 44 rebote | MACD positivo | Volumen alto | BB zona baja
2026-04-26 15:09:52,SAN.MC,6,207.95,COMPRAR ★★,EMA alcista | RSI 56 óptimo | EMA semanal alcista
2026-04-26 15:09:52,EWT,6,1530.56,COMPRAR ★★,EMA alcista | MACD positivo | EMA semanal alcista
2026-04-26 15:09:52,WY,8,434.9,COMPRAR ★★★,EMA alcista | RSI 60 óptimo | MACD positivo | EMA semanal alcista
2026-04-26 15:09:52,EXPE,8,4368.77,COMPRAR ★★★,EMA alcista | RSI 61 óptimo | MACD positivo | EMA semanal alcista
2026-04-26 15:09:52,REP.MC,7,425.97,COMPRAR ★★,EMA alcista | Cruce MACD | BB zona baja | Rebote EMA50 | EMA semanal alcista
2026-04-26 15:09:52,BAX,3,315.53,EVITAR,Golden Cross | MACD positivo
2026-04-26 15:09:52,FTNT,6,1465.41,COMPRAR ★★,EMA alcista | RSI 54 óptimo | MACD positivo
2026-04-26 15:09:52,ACHR,5,99.04,OBSERVAR,Golden Cross | RSI 54 óptimo | MACD positivo
2026-04-26 15:09:52,XHB,3,1884.32,EVITAR,Golden Cross | MACD positivo
2026-04-26 15:09:52,NET,6,3597.84,COMPRAR ★★,EMA alcista | RSI 48 óptimo | MACD positivo
2026-04-26 15:09:52,ABBV,5,3452.59,OBSERVAR,Golden Cross | RSI 40 rebote | Cruce MACD | Banda BB inferior
2026-04-26 15:09:52,HWM,7,4212.4,COMPRAR ★★,EMA alcista | RSI 54 óptimo | Cruce MACD | EMA semanal alcista
2026-04-26 15:09:52,ATO,9,3222.19,COMPRAR ★★★,EMA alcista | RSI 45 óptimo | Cruce MACD | BB zona baja | Stoch 37 | EMA semanal alcista
2026-04-26 15:09:52,MNST,7,1359.25,COMPRAR ★★,Golden Cross | RSI 65 óptimo | MACD positivo | EMA semanal alcista
2026-04-26 15:09:52,IAG.MC,6,88.5,COMPRAR ★★,Golden Cross | RSI 54 óptimo | MACD positivo | Rebote EMA50
2026-04-26 15:09:52,FMTY14,6,15.79,COMPRAR ★★,EMA alcista | MACD positivo | EMA semanal alcista
2026-04-26 15:09:52,SRE,8,1619.35,COMPRAR ★★★,EMA alcista | Cruce MACD | Banda BB inferior | Rebote EMA50 | EMA semanal alcista
2026-04-26 15:09:52,COST,8,17568.73,COMPRAR ★★★,EMA alcista | RSI 47 óptimo | MACD positivo | EMA semanal alcista
2026-04-26 15:09:52,MLM,8,10690.84,COMPRAR ★★★,Golden Cross | RSI 57 óptimo | MACD positivo | Rebote EMA50 | EMA semanal alcista
2026-04-26 15:09:52,VZ,9,805.85,COMPRAR ★★★,EMA alcista | RSI 37 rebote | Cruce MACD | BB zona baja | Stoch 50 | Rebote EMA50 | EMA semanal alcista
2026-04-26 15:09:52,APTV,5,1044.24,OBSERVAR,Golden Cross | RSI 49 óptimo | MACD positivo
2026-04-26 15:09:52,FANG,9,3384.48,COMPRAR ★★★,EMA alcista | RSI 51 óptimo | MACD positivo | Cruce MACD | EMA semanal alcista
2026-04-26 15:09:52,T,7,455.23,COMPRAR ★★,Golden Cross | RSI 33 rebote | Cruce MACD | BB zona baja | Rebote EMA50 | EMA semanal alcista
2026-04-26 15:09:52,ASML,6,25327.54,COMPRAR ★★,EMA alcista | MACD positivo | EMA semanal alcista
2026-04-26 15:09:52,NSC,6,5554.96,COMPRAR ★★,EMA alcista | MACD positivo | EMA semanal alcista
2026-04-26 15:09:52,BLK,4,18156.35,OBSERVAR,EMA alcista | MACD positivo
2026-04-26 15:09:52,MEL.MC,4,231.64,OBSERVAR,EMA alcista | EMA semanal alcista
2026-04-26 15:09:52,PHM,7,2216.35,COMPRAR ★★,Golden Cross | RSI 61 óptimo | MACD positivo | EMA semanal alcista
2026-04-26 15:09:52,ARKG,6,513.26,COMPRAR ★★,EMA alcista | RSI 63 óptimo | MACD positivo
2026-04-26 15:09:52,BRO,6,1145.01,COMPRAR ★★,Golden Cross | RSI 48 óptimo | MACD positivo | BB zona baja
2026-04-26 15:09:52,SAP,6,3045.14,COMPRAR ★★,Golden Cross | RSI 53 óptimo | MACD positivo | Volumen alto
2026-04-26 15:09:52,DDOG,5,2249.71,OBSERVAR,Golden Cross | RSI 64 óptimo | MACD positivo
2026-04-26 15:09:52,Q,6,182.54,COMPRAR ★★,EMA alcista | MACD positivo | EMA semanal alcista
2026-04-26 15:09:52,NVCR,3,216.67,EVITAR,Golden Cross | MACD positivo
2026-04-26 15:09:52,FDX,6,6741.15,COMPRAR ★★,EMA alcista | MACD positivo | EMA semanal alcista
2026-04-26 15:09:52,INFY,6,223.44,COMPRAR ★★,Golden Cross | RSI 39 rebote | Cruce MACD | Volumen alto | Banda BB inferior
2026-04-26 15:09:52,JKHY,7,2626.23,COMPRAR ★★,Golden Cross | RSI 37 rebote | MACD positivo | BB zona baja | EMA semanal alcista
2026-04-26 15:09:52,EFX,4,2996.67,OBSERVAR,Golden Cross | RSI 41 rebote | Banda BB inferior
2026-04-26 15:09:52,C,6,2223.65,COMPRAR ★★,EMA alcista | MACD positivo | EMA semanal alcista
2026-04-26 15:09:52,SYY,6,1330.23,COMPRAR ★★,Golden Cross | MACD positivo | Rebote EMA50 | EMA semanal alcista
2026-04-26 15:09:52,GRMN,4,4506.9,OBSERVAR,EMA alcista | EMA semanal alcista
2026-04-26 15:09:52,DPZ,6,6391.05,COMPRAR ★★,Golden Cross | RSI 39 rebote | MACD positivo | Volumen alto | Rebote EMA50
2026-04-26 15:09:52,JNJ,5,3952.81,OBSERVAR,Cruce MACD | Banda BB inferior | EMA semanal alcista
2026-04-26 15:09:52,BSX,6,1078.47,COMPRAR ★★,Golden Cross | RSI 49 óptimo | MACD positivo | BB zona baja
2026-04-26 15:09:52,DD,7,804.98,COMPRAR ★★,EMA alcista | RSI 55 óptimo | Stoch 42 | EMA semanal alcista
2026-04-26 15:09:52,CVS,6,1354.21,COMPRAR ★★,EMA alcista | RSI 64 óptimo | MACD positivo
2026-04-26 15:09:52,HSIC,8,1347.26,COMPRAR ★★★,EMA alcista | RSI 65 óptimo | MACD positivo | EMA semanal alcista
2026-04-26 15:09:52,HSY,5,3326.96,OBSERVAR,Golden Cross | Cruce MACD | BB zona baja | EMA semanal alcista
2026-04-26 15:09:52,ALPEKA,9,11.34,COMPRAR ★★★,EMA alcista | RSI 59 óptimo | MACD positivo | Cruce MACD | EMA semanal alcista
2026-04-26 15:09:52,OMC,10,1315.98,COMPRAR ★★★,EMA alcista | RSI 49 óptimo | MACD positivo | BB zona baja | Rebote EMA50 | EMA semanal alcista
2026-04-26 15:09:52,NEE,8,1655.49,COMPRAR ★★★,EMA alcista | RSI 59 óptimo | MACD positivo | EMA semanal alcista
2026-04-26 15:09:52,FAST,9,776.49,COMPRAR ★★★,EMA alcista | RSI 45 óptimo | Cruce MACD | BB zona baja | Rebote EMA50 | EMA semanal alcista
2026-04-26 15:09:52,HAS,8,1652.02,COMPRAR ★★★,EMA alcista | RSI 58 óptimo | MACD positivo | EMA semanal alcista
2026-04-26 15:09:52,IBM,5,4030.65,OBSERVAR,Golden Cross | RSI 39 rebote | Volumen alto | Banda BB inferior
2026-04-26 15:09:52,IP,7,567.29,COMPRAR ★★,Golden Cross | RSI 39 rebote | Cruce MACD | Banda BB inferior | EMA semanal alcista
2026-04-26 15:09:52,MELI,3,31886.95,EVITAR,Golden Cross | MACD positivo
2026-04-26 15:09:52,GRF.MC,6,182.5,COMPRAR ★★,Golden Cross | RSI 45 óptimo | MACD positivo | BB zona baja
2026-04-26 15:09:52,AMAT,6,7246.07,COMPRAR ★★,EMA alcista | MACD positivo | EMA semanal alcista
2026-04-26 15:09:52,AAL,5,210.24,OBSERVAR,Golden Cross | RSI 64 óptimo | MACD positivo
2026-04-26 15:09:52,CIE.MC,6,577.07,COMPRAR ★★,Golden Cross | RSI 57 óptimo | MACD positivo | Rebote EMA50
2026-04-26 15:09:52,ETR,8,1974.49,COMPRAR ★★★,EMA alcista | RSI 47 óptimo | Cruce MACD | Stoch 49 | EMA semanal alcista
2026-04-26 15:09:52,AIZ,7,3992.78,COMPRAR ★★,EMA alcista | MACD positivo | Volumen alto | EMA semanal alcista
2026-04-26 15:09:52,JD,4,525.94,OBSERVAR,EMA alcista | MACD positivo
2026-04-26 15:09:52,GL,7,2650.73,COMPRAR ★★,EMA alcista | MACD positivo | Volumen alto | EMA semanal alcista
2026-04-26 15:09:52,ICLN,6,347.33,COMPRAR ★★,EMA alcista | MACD positivo | EMA semanal alcista
2026-04-26 15:09:52,TMO,6,8161.21,COMPRAR ★★,Golden Cross | RSI 44 rebote | Cruce MACD | Volumen alto | Banda BB inferior
2026-04-26 15:09:52,DRI,7,3493.42,COMPRAR ★★,Golden Cross | RSI 57 óptimo | MACD positivo | EMA semanal alcista
2026-04-26 15:09:52,RKLB,8,1384.44,COMPRAR ★★★,EMA alcista | RSI 63 óptimo | MACD positivo | EMA semanal alcista
2026-04-26 15:09:52,MMM,6,2536.58,COMPRAR ★★,Golden Cross | RSI 53 óptimo | Volumen alto | BB zona baja | Stoch 22
2026-04-26 15:09:52,ODFL,6,3822.15,COMPRAR ★★,EMA alcista | MACD positivo | EMA semanal alcista
2026-04-26 15:09:52,UPS,6,1859.47,COMPRAR ★★,EMA alcista | MACD positivo | EMA semanal alcista
2026-04-26 15:09:52,SLV,8,1195.23,COMPRAR ★★★,Golden Cross | RSI 57 óptimo | MACD positivo | Rebote EMA50 | EMA semanal alcista
2026-04-26 15:09:52,FMC,8,258.54,COMPRAR ★★★,EMA alcista | RSI 33 rebote | Cruce MACD | Banda BB inferior | EMA semanal alcista
2026-04-26 15:09:52,XLC,8,2007.51,COMPRAR ★★★,EMA alcista | RSI 65 óptimo | MACD positivo | EMA semanal alcista
2026-04-26 15:09:52,EWJ,6,1517.18,COMPRAR ★★,EMA alcista | RSI 57 óptimo | EMA semanal alcista
2026-04-26 15:09:52,ALGN,6,3294.47,COMPRAR ★★,EMA alcista | MACD positivo | EMA semanal alcista
2026-04-26 15:09:52,LYB,7,1213.99,COMPRAR ★★,EMA alcista | RSI 37 rebote | Cruce MACD | BB zona baja | EMA semanal alcista
2026-04-26 15:09:52,ADSK,6,4125.52,COMPRAR ★★,Golden Cross | RSI 50 óptimo | MACD positivo | Rebote EMA50
2026-04-26 15:09:52,WYNN,6,1836.02,COMPRAR ★★,Golden Cross | RSI 58 óptimo | MACD positivo | Rebote EMA50
2026-04-26 15:09:52,VMC,6,5074.72,COMPRAR ★★,EMA alcista | RSI 60 óptimo | MACD positivo
2026-04-26 15:09:52,AEP,7,2340.93,COMPRAR ★★,EMA alcista | RSI 57 óptimo | Cruce MACD | EMA semanal alcista
2026-04-26 15:09:52,RJF,3,2665.67,EVITAR,Golden Cross | MACD positivo
2026-04-26 15:09:52,CPB,5,358.27,OBSERVAR,Golden Cross | RSI 34 rebote | MACD positivo | BB zona baja
2026-04-26 15:09:52,EIX,9,1196.44,COMPRAR ★★★,EMA alcista | RSI 35 rebote | Cruce MACD | Banda BB inferior | Rebote EMA50 | EMA semanal alcista
2026-04-26 15:09:52,XLF,6,893.42,COMPRAR ★★,EMA alcista | RSI 64 óptimo | MACD positivo
2026-04-26 15:09:52,VALE,6,298.33,COMPRAR ★★,EMA alcista | MACD positivo | EMA semanal alcista
2026-04-26 15:09:52,LIN,9,8866.46,COMPRAR ★★★,EMA alcista | RSI 58 óptimo | MACD positivo | Cruce MACD | EMA semanal alcista
2026-04-26 15:09:52,EA,8,3521.39,COMPRAR ★★★,EMA alcista | RSI 37 rebote | Cruce MACD | BB zona baja | Stoch 29 | EMA semanal alcista
2026-04-26 15:09:52,SYF,4,1325.71,OBSERVAR,EMA alcista | MACD positivo
2026-04-26 15:09:52,IT,6,2615.81,COMPRAR ★★,Golden Cross | RSI 45 óptimo | MACD positivo | BB zona baja
2026-04-26 15:09:52,TGT,8,2245.89,COMPRAR ★★★,EMA alcista | RSI 62 óptimo | MACD positivo | EMA semanal alcista
2026-04-26 15:09:52,GAPB,8,467.99,COMPRAR ★★★,Golden Cross | RSI 60 óptimo | MACD positivo | Volumen alto | EMA semanal alcista
2026-04-26 15:09:52,MCK,7,14388.41,COMPRAR ★★,Golden Cross | RSI 33 rebote | Cruce MACD | Banda BB inferior | EMA semanal alcista
2026-04-26 15:09:52,WFC,4,1379.92,OBSERVAR,Golden Cross | RSI 43 rebote | Cruce MACD | BB zona baja
2026-04-26 15:09:52,LNT,8,1256.39,COMPRAR ★★★,EMA alcista | RSI 49 óptimo | Cruce MACD | Stoch 45 | EMA semanal alcista
2026-04-26 15:09:52,ADBE,6,4264.52,COMPRAR ★★,Golden Cross | RSI 51 óptimo | MACD positivo | Volumen alto
2026-04-26 15:09:52,MAR,6,6379.23,COMPRAR ★★,EMA alcista | MACD positivo | EMA semanal alcista
2026-04-26 15:09:52,CBRE,5,2576.54,OBSERVAR,EMA alcista | Golden Cross | MACD positivo
2026-04-26 15:09:52,CRL,4,2950.28,OBSERVAR,Golden Cross | RSI 52 óptimo | BB zona baja
2026-04-26 15:09:52,CLNX.MC,5,583.59,OBSERVAR,EMA alcista | RSI 49 óptimo | Cruce MACD
2026-04-26 15:09:52,DG,6,2097.34,COMPRAR ★★,Golden Cross | RSI 44 rebote | MACD positivo | EMA semanal alcista
2026-04-26 15:09:52,SPY,4,12404.71,OBSERVAR,EMA alcista | MACD positivo
2026-04-26 15:09:52,PAYC,5,2149.64,OBSERVAR,Golden Cross | RSI 51 óptimo | MACD positivo
2026-04-26 15:09:52,LDOS,4,2537.79,OBSERVAR,Golden Cross | Cruce MACD | Banda BB inferior
2026-04-26 15:09:52,WHR,6,934.77,COMPRAR ★★,Golden Cross | RSI 39 rebote | MACD positivo | Volumen alto | BB zona baja
2026-04-26 15:09:52,PSA,6,5356.54,COMPRAR ★★,EMA alcista | MACD positivo | EMA semanal alcista
2026-04-26 15:09:52,UPST,3,581.89,EVITAR,Golden Cross | MACD positivo
2026-04-26 15:09:52,FCX,8,1060.74,COMPRAR ★★★,EMA alcista | RSI 50 óptimo | BB zona baja | Rebote EMA50 | EMA semanal alcista
2026-04-26 15:09:52,GLD,8,7527.72,COMPRAR ★★★,Golden Cross | RSI 55 óptimo | MACD positivo | Rebote EMA50 | EMA semanal alcista
2026-04-26 15:09:52,PATH,4,180.18,OBSERVAR,Golden Cross | RSI 42 rebote | MACD positivo
2026-04-26 15:09:52,LEN,4,1634.12,OBSERVAR,Golden Cross | MACD positivo | Rebote EMA50
2026-04-26 15:09:52,FITB,8,862.84,COMPRAR ★★★,EMA alcista | RSI 63 óptimo | MACD positivo | EMA semanal alcista
2026-04-26 15:09:52,TXN,7,4815.31,COMPRAR ★★,EMA alcista | MACD positivo | Volumen alto | EMA semanal alcista
2026-04-26 15:09:52,GE,7,4944.93,COMPRAR ★★,Golden Cross | RSI 48 óptimo | Cruce MACD | Volumen alto | BB zona baja | Stoch 31
2026-04-26 15:09:52,INDA,4,861.45,OBSERVAR,Golden Cross | MACD positivo | Rebote EMA50
2026-04-26 15:09:52,KO,9,1331.45,COMPRAR ★★★,EMA alcista | RSI 47 óptimo | MACD positivo | Cruce MACD | EMA semanal alcista
2026-04-26 15:09:52,AMGN,9,5986.56,COMPRAR ★★★,Golden Cross | RSI 52 óptimo | MACD positivo | BB zona baja | Rebote EMA50 | EMA semanal alcista
2026-04-26 15:09:52,CI,8,4789.25,COMPRAR ★★★,EMA alcista | RSI 50 óptimo | MACD positivo | EMA semanal alcista
2026-04-26 15:09:52,RXRX,6,60.99,COMPRAR ★★,Golden Cross | RSI 60 óptimo | MACD positivo | Rebote EMA50
2026-04-26 15:09:52,MSCI,4,10297.99,OBSERVAR,EMA alcista | MACD positivo
2026-04-26 15:09:52,DUK,9,2211.32,COMPRAR ★★★,EMA alcista | RSI 36 rebote | Cruce MACD | BB zona baja | Stoch 26 | Rebote EMA50 | EMA semanal alcista
2026-04-26 15:09:52,AVY,6,2875.56,COMPRAR ★★,Golden Cross | RSI 44 rebote | Banda BB inferior | EMA semanal alcista
2026-04-26 15:09:52,LKQ,3,549.05,EVITAR,Golden Cross | MACD positivo
2026-04-26 15:09:52,ADI,7,6942.53,COMPRAR ★★,EMA alcista | MACD positivo | Volumen alto | EMA semanal alcista
2026-04-26 15:09:52,ED,8,1894.92,COMPRAR ★★★,EMA alcista | Cruce MACD | Banda BB inferior | Rebote EMA50 | EMA semanal alcista
2026-04-26 15:09:52,CELH,5,601.0,OBSERVAR,Golden Cross | RSI 44 rebote | MACD positivo | Stoch 45
2026-04-26 15:09:52,CMS,9,1325.19,COMPRAR ★★★,EMA alcista | RSI 40 rebote | Cruce MACD | BB zona baja | Stoch 29 | Rebote EMA50 | EMA semanal alcista
2026-04-26 15:09:52,ELV,4,5990.21,OBSERVAR,EMA alcista | MACD positivo
2026-04-26 15:09:52,XOM,7,2587.31,COMPRAR ★★,EMA alcista | Cruce MACD | BB zona baja | Rebote EMA50 | EMA semanal alcista
2026-04-26 15:09:52,CDNS,5,5783.96,OBSERVAR,EMA alcista | MACD positivo | Volumen alto
2026-04-26 15:09:52,EMR,8,2455.96,COMPRAR ★★★,EMA alcista | RSI 65 óptimo | MACD positivo | EMA semanal alcista
2026-04-26 15:09:52,BILL,6,646.18,COMPRAR ★★,Golden Cross | RSI 46 óptimo | MACD positivo | BB zona baja
2026-04-26 15:09:52,PCG,6,288.6,COMPRAR ★★,RSI 34 rebote | Cruce MACD | Banda BB inferior | EMA semanal alcista
2026-04-26 15:09:52,PEG,8,1402.86,COMPRAR ★★★,Golden Cross | RSI 49 óptimo | Cruce MACD | Stoch 42 | Rebote EMA50 | EMA semanal alcista
2026-04-26 15:09:52,EXAS,6,1822.81,COMPRAR ★★,EMA alcista | MACD positivo | EMA semanal alcista
2026-04-26 15:09:52,NUE,6,3723.29,COMPRAR ★★,EMA alcista | MACD positivo | EMA semanal alcista
2026-04-26 15:09:52,GIS,5,607.6,OBSERVAR,Golden Cross | RSI 31 rebote | MACD positivo | BB zona baja
2026-04-26 15:09:52,PFE,10,469.12,COMPRAR ★★★,EMA alcista | RSI 40 rebote | Cruce MACD | Volumen alto | BB zona baja | Stoch 42 | Rebote EMA50 | EMA semanal alcista
2026-04-26 15:09:52,BDX,8,2643.43,COMPRAR ★★★,Golden Cross | RSI 41 rebote | MACD positivo | Banda BB inferior | EMA semanal alcista
2026-04-26 15:09:52,NFLX,6,1606.15,COMPRAR ★★,EMA alcista | RSI 37 rebote | Cruce MACD | BB zona baja | Rebote EMA50
2026-04-26 15:09:52,TECL,4,2584.53,OBSERVAR,EMA alcista | MACD positivo
2026-04-26 15:09:52,GS,6,16105.06,COMPRAR ★★,EMA alcista | MACD positivo | EMA semanal alcista
2026-04-26 15:09:52,CTAS,7,3056.26,COMPRAR ★★,Golden Cross | RSI 60 óptimo | MACD positivo | EMA semanal alcista
2026-04-26 15:09:52,VRSN,8,4677.35,COMPRAR ★★★,EMA alcista | RSI 46 óptimo | Cruce MACD | Volumen alto | EMA semanal alcista
2026-04-26 15:09:52,DE,10,9775.87,COMPRAR ★★★,EMA alcista | RSI 46 óptimo | Cruce MACD | Banda BB inferior | Rebote EMA50 | EMA semanal alcista
2026-04-26 15:09:52,EXC,9,815.23,COMPRAR ★★★,EMA alcista | RSI 34 rebote | Cruce MACD | BB zona baja | Stoch 29 | Rebote EMA50 | EMA semanal alcista
2026-04-26 15:09:52,STE,5,3853.78,OBSERVAR,Golden Cross | RSI 53 óptimo | MACD positivo
2026-04-26 15:09:52,PINFRA,7,288.31,COMPRAR ★★,EMA alcista | RSI 40 rebote | Cruce MACD | Stoch 38 | EMA semanal alcista
2026-04-26 15:09:52,PM,8,2852.97,COMPRAR ★★★,Golden Cross | RSI 54 óptimo | MACD positivo | Rebote EMA50 | EMA semanal alcista
2026-04-26 15:09:52,GPN,5,1177.33,OBSERVAR,Golden Cross | RSI 57 óptimo | MACD positivo
2026-04-26 15:09:52,TROW,4,1721.17,OBSERVAR,EMA alcista | MACD positivo
2026-04-26 15:09:52,AEE,8,1930.71,COMPRAR ★★★,EMA alcista | RSI 49 óptimo | Cruce MACD | Stoch 37 | EMA semanal alcista
2026-04-26 15:09:52,EWA,7,506.83,COMPRAR ★★,EMA alcista | RSI 63 óptimo | Cruce MACD | EMA semanal alcista
2026-04-26 15:09:52,UAL,6,1615.88,COMPRAR ★★,Golden Cross | RSI 53 óptimo | Stoch 33 | EMA semanal alcista
2026-04-26 15:09:52,ROL,5,983.42,OBSERVAR,Golden Cross | RSI 64 óptimo | MACD positivo
2026-04-26 15:09:52,ADM,7,1202.87,COMPRAR ★★,EMA alcista | RSI 36 rebote | Cruce MACD | BB zona baja | EMA semanal alcista
2026-04-26 15:09:52,HRL,7,374.43,COMPRAR ★★,Golden Cross | RSI 50 óptimo | MACD positivo | EMA semanal alcista
2026-04-26 15:09:52,LIT,6,1455.85,COMPRAR ★★,EMA alcista | MACD positivo | EMA semanal alcista
2026-04-26 15:09:52,IDXX,6,9833.03,COMPRAR ★★,Golden Cross | RSI 46 óptimo | MACD positivo | BB zona baja
2026-04-26 15:09:52,XLI,6,2996.67,COMPRAR ★★,EMA alcista | MACD positivo | EMA semanal alcista
2026-04-26 15:09:52,GNRC,6,3838.66,COMPRAR ★★,EMA alcista | MACD positivo | EMA semanal alcista
2026-04-26 15:09:52,RSG,8,3645.1,COMPRAR ★★★,Golden Cross | RSI 32 rebote | Cruce MACD | BB zona baja | Stoch 29 | Rebote EMA50 | EMA semanal alcista
2026-04-26 15:09:52,USB,8,965.7,COMPRAR ★★★,EMA alcista | RSI 62 óptimo | MACD positivo | EMA semanal alcista
2026-04-26 15:09:52,NEM,10,2097.16,COMPRAR ★★★,EMA alcista | RSI 59 óptimo | MACD positivo | Cruce MACD | Volumen alto | EMA semanal alcista
2026-04-26 15:09:52,JCI,6,2465.86,COMPRAR ★★,EMA alcista | MACD positivo | EMA semanal alcista
2026-04-26 15:09:52,AXP,6,5457.14,COMPRAR ★★,Golden Cross | RSI 56 óptimo | MACD positivo | Rebote EMA50
2026-04-26 15:09:52,RHI,10,444.97,COMPRAR ★★★,EMA alcista | RSI 52 óptimo | MACD positivo | Volumen alto | Rebote EMA50 | EMA semanal alcista
2026-04-26 15:09:52,AJG,5,3742.23,OBSERVAR,Golden Cross | RSI 45 óptimo | BB zona baja | Rebote EMA50
2026-04-26 15:09:52,MAS,7,1288.88,COMPRAR ★★,EMA alcista | MACD positivo | Volumen alto | EMA semanal alcista
2026-04-26 15:09:52,AES,7,251.76,COMPRAR ★★,Golden Cross | MACD positivo | Volumen alto | Rebote EMA50 | EMA semanal alcista
2026-04-26 15:09:52,RTX,7,3027.77,COMPRAR ★★,Golden Cross | Cruce MACD | Volumen alto | Banda BB inferior | EMA semanal alcista
2026-04-26 15:09:52,HDB,5,445.67,OBSERVAR,Golden Cross | RSI 50 óptimo | MACD positivo
2026-04-26 15:09:52,O,8,1100.36,COMPRAR ★★★,EMA alcista | RSI 60 óptimo | MACD positivo | EMA semanal alcista
2026-04-26 15:09:52,LOG.MC,8,671.68,COMPRAR ★★★,EMA alcista | RSI 50 óptimo | Cruce MACD | Stoch 47 | EMA semanal alcista
2026-04-26 15:09:52,MTS.MC,6,1031.78,COMPRAR ★★,EMA alcista | MACD positivo | EMA semanal alcista
2026-04-26 15:09:52,SMCI,4,505.26,OBSERVAR,Golden Cross | MACD positivo | Volumen alto
2026-04-26 15:09:52,BWA,8,978.04,COMPRAR ★★★,EMA alcista | RSI 64 óptimo | MACD positivo | EMA semanal alcista
2026-04-26 15:09:52,SCHW,7,1537.69,COMPRAR ★★,Golden Cross | RSI 41 rebote | Cruce MACD | Banda BB inferior | EMA semanal alcista
2026-04-26 15:09:52,JPM,6,5356.36,COMPRAR ★★,EMA alcista | RSI 64 óptimo | MACD positivo
2026-04-26 15:09:52,EEM,6,1107.48,COMPRAR ★★,EMA alcista | MACD positivo | EMA semanal alcista
2026-04-26 15:09:52,BKNG,6,3131.84,COMPRAR ★★,EMA alcista | RSI 54 óptimo | MACD positivo
2026-04-26 15:09:52,ECL,8,4682.39,COMPRAR ★★★,Golden Cross | RSI 53 óptimo | MACD positivo | Rebote EMA50 | EMA semanal alcista
2026-04-26 15:09:52,IVZ,5,443.24,OBSERVAR,Golden Cross | MACD positivo | EMA semanal alcista
2026-04-26 15:09:52,KOFUBL,7,178.15,COMPRAR ★★,Golden Cross | RSI 56 óptimo | MACD positivo | EMA semanal alcista
2026-04-26 15:09:52,SO,9,1624.39,COMPRAR ★★★,EMA alcista | RSI 32 rebote | Cruce MACD | BB zona baja | Stoch 27 | Rebote EMA50 | EMA semanal alcista
2026-04-26 15:09:52,PG,6,2574.63,COMPRAR ★★,Golden Cross | RSI 62 óptimo | MACD positivo | Volumen alto
2026-04-26 15:09:52,FUNO11,6,31.4,COMPRAR ★★,EMA alcista | MACD positivo | EMA semanal alcista
2026-04-26 15:09:52,KRE,8,1196.96,COMPRAR ★★★,EMA alcista | RSI 61 óptimo | MACD positivo | EMA semanal alcista
2026-04-26 15:09:52,TDG,6,19949.63,COMPRAR ★★,Golden Cross | RSI 45 óptimo | Cruce MACD | Volumen alto | BB zona baja
2026-04-26 15:09:52,AIG,3,1305.56,EVITAR,RSI 44 rebote | BB zona baja | Rebote EMA50
2026-04-26 15:09:52,FEMSAUBD,6,196.95,COMPRAR ★★,EMA alcista | RSI 58 óptimo | EMA semanal alcista
2026-04-26 15:09:52,BALL,10,1065.43,COMPRAR ★★★,EMA alcista | RSI 56 óptimo | MACD positivo | Volumen alto | Rebote EMA50 | EMA semanal alcista
2026-04-26 15:09:52,CHPT,4,119.71,OBSERVAR,EMA alcista | MACD positivo
2026-04-26 15:09:52,TCEHY,7,1087.33,COMPRAR ★★,Golden Cross | RSI 51 óptimo | MACD positivo | Volumen alto | BB zona baja
2026-04-26 15:09:52,APPN,6,384.77,COMPRAR ★★,Golden Cross | RSI 38 rebote | MACD positivo | Volumen alto | Stoch 42
2026-04-26 15:09:52,YPF,6,746.08,COMPRAR ★★,EMA alcista | RSI 45 rebote | Cruce MACD | EMA semanal alcista
2026-04-26 15:09:52,IBE.MC,7,406.29,COMPRAR ★★,EMA alcista | RSI 33 rebote | Cruce MACD | Volumen alto | EMA semanal alcista
2026-04-26 15:09:52,BBWI,3,349.06,EVITAR,Golden Cross | MACD positivo
2026-04-26 15:09:52,UNH,4,6166.74,OBSERVAR,EMA alcista | MACD positivo
2026-04-26 15:09:52,SOFI,4,320.4,OBSERVAR,Golden Cross | MACD positivo | Rebote EMA50
2026-04-26 15:09:52,VOLARA,7,13.12,COMPRAR ★★,Golden Cross | RSI 51 óptimo | MACD positivo | EMA semanal alcista
2026-04-26 15:09:52,HPQ,6,343.85,COMPRAR ★★,EMA alcista | RSI 57 óptimo | MACD positivo
2026-04-26 15:09:52,FDS,7,3894.08,COMPRAR ★★,EMA alcista | RSI 45 óptimo | MACD positivo | Rebote EMA50
2026-04-26 15:09:52,A,5,2007.68,OBSERVAR,Golden Cross | RSI 51 óptimo | MACD positivo
2026-04-26 15:09:52,ASURB,7,554.04,COMPRAR ★★,Golden Cross | RSI 31 rebote | Cruce MACD | Banda BB inferior | EMA semanal alcista
2026-04-26 15:09:52,MO,9,1162.04,COMPRAR ★★★,EMA alcista | RSI 52 óptimo | MACD positivo | Cruce MACD | EMA semanal alcista
2026-04-26 15:09:52,KR,4,1168.12,OBSERVAR,Cruce MACD | BB zona baja | EMA semanal alcista
2026-04-26 15:09:52,CVX,8,3218.02,COMPRAR ★★★,EMA alcista | RSI 33 rebote | Cruce MACD | BB zona baja | Rebote EMA50 | EMA semanal alcista
2026-04-26 15:09:52,UNP,6,4668.66,COMPRAR ★★,EMA alcista | MACD positivo | EMA semanal alcista
2026-04-26 15:09:52,OKE,7,1520.31,COMPRAR ★★,EMA alcista | RSI 47 óptimo | Cruce MACD | EMA semanal alcista
2026-04-26 15:09:52,WEC,8,1991.17,COMPRAR ★★★,EMA alcista | RSI 42 rebote | Cruce MACD | BB zona baja | Stoch 24 | EMA semanal alcista
2026-04-26 15:09:52,TLEVISACPO,8,10.72,COMPRAR ★★★,EMA alcista | RSI 54 óptimo | MACD positivo | EMA semanal alcista
2026-04-26 15:09:52,IEX,6,3557.36,COMPRAR ★★,EMA alcista | MACD positivo | EMA semanal alcista
2026-04-26 15:09:52,NOW,6,1566.7,COMPRAR ★★,Golden Cross | RSI 41 rebote | MACD positivo | Volumen alto | BB zona baja
2026-04-26 15:09:52,AFRM,4,1107.14,OBSERVAR,EMA alcista | MACD positivo
2026-04-26 15:09:52,SLB,7,975.61,COMPRAR ★★,EMA alcista | MACD positivo | Volumen alto | EMA semanal alcista
2026-04-26 15:09:52,ROK,7,6970.5,COMPRAR ★★,EMA alcista | MACD positivo | Volumen alto | EMA semanal alcista
2026-04-26 15:09:52,ICE,8,2753.07,COMPRAR ★★★,Golden Cross | RSI 35 rebote | Cruce MACD | BB zona baja | Stoch 24 | Rebote EMA50 | EMA semanal alcista
2026-04-26 15:09:52,CB,8,5666.33,COMPRAR ★★★,EMA alcista | RSI 49 óptimo | Volumen alto | BB zona baja | EMA semanal alcista
2026-04-26 15:09:52,DAL,7,1189.32,COMPRAR ★★,EMA alcista | RSI 55 óptimo | Cruce MACD | EMA semanal alcista
2026-04-26 15:09:52,VNO,3,509.09,EVITAR,Golden Cross | MACD positivo
2026-04-26 15:09:52,GMEXICOB,6,200.0,COMPRAR ★★,EMA alcista | RSI 55 óptimo | EMA semanal alcista
2026-04-26 15:09:52,VTR,7,1452.9,COMPRAR ★★,EMA alcista | RSI 52 óptimo | Cruce MACD | EMA semanal alcista
2026-04-26 15:09:52,AMCR,7,676.76,COMPRAR ★★,Golden Cross | RSI 46 óptimo | Banda BB inferior | EMA semanal alcista
2026-04-26 15:09:52,CAT,6,14434.98,COMPRAR ★★,EMA alcista | MACD positivo | EMA semanal alcista
2026-04-26 15:09:52,FIS,6,794.56,COMPRAR ★★,Golden Cross | RSI 46 óptimo | MACD positivo | BB zona baja
2026-04-26 15:09:52,MU,6,8630.51,COMPRAR ★★,EMA alcista | MACD positivo | EMA semanal alcista
2026-04-26 15:09:52,CINF,8,2857.84,COMPRAR ★★★,EMA alcista | RSI 61 óptimo | MACD positivo | EMA semanal alcista
2026-04-26 15:09:52,MCHP,7,1554.02,COMPRAR ★★,EMA alcista | MACD positivo | Volumen alto | EMA semanal alcista
2026-04-26 15:09:52,FSLR,6,3366.58,COMPRAR ★★,Golden Cross | RSI 48 óptimo | MACD positivo | Stoch 33
2026-04-26 15:09:52,KEYS,6,6028.43,COMPRAR ★★,EMA alcista | MACD positivo | EMA semanal alcista
2026-04-26 15:09:52,BBY,5,1050.32,OBSERVAR,Golden Cross | RSI 39 rebote | Cruce MACD | Banda BB inferior
2026-04-26 15:09:52,ACS.MC,6,2493.82,COMPRAR ★★,EMA alcista | MACD positivo | EMA semanal alcista
2026-04-26 15:09:52,COP,8,2115.58,COMPRAR ★★★,EMA alcista | RSI 36 rebote | Cruce MACD | Volumen alto | BB zona baja | EMA semanal alcista
2026-04-26 15:09:52,NVR,4,113006.13,OBSERVAR,Golden Cross | RSI 44 rebote | Banda BB inferior
2026-04-26 15:09:52,WAB,8,4640.17,COMPRAR ★★★,EMA alcista | RSI 60 óptimo | MACD positivo | EMA semanal alcista
2026-04-26 15:09:52,TSCO,5,638.36,OBSERVAR,Golden Cross | Cruce MACD | Volumen alto | Banda BB inferior
2026-04-26 15:09:52,NTRS,6,2849.67,COMPRAR ★★,EMA alcista | MACD positivo | EMA semanal alcista
2026-04-26 15:09:52,MAP.MC,6,83.11,COMPRAR ★★,EMA alcista | RSI 64 óptimo | EMA semanal alcista
2026-04-26 15:09:52,CDW,4,2351.19,OBSERVAR,EMA alcista | MACD positivo
2026-04-26 15:09:52,KMB,6,1700.14,COMPRAR ★★,Golden Cross | RSI 53 óptimo | MACD positivo | Rebote EMA50
2026-04-26 15:09:52,MSFT,3,7377.77,EVITAR,Golden Cross | MACD positivo
2026-04-26 15:09:52,KHC,3,381.21,EVITAR,Golden Cross | Cruce MACD | BB zona baja
2026-04-26 15:09:52,AI,5,150.12,OBSERVAR,Golden Cross | RSI 48 óptimo | MACD positivo
2026-04-26 15:09:52,PFG,7,1726.03,COMPRAR ★★,EMA alcista | MACD positivo | Volumen alto | EMA semanal alcista
2026-04-26 15:09:52,FXI,4,640.44,OBSERVAR,Golden Cross | MACD positivo | Rebote EMA50
2026-04-26 15:09:52,ZS,5,2354.31,OBSERVAR,Golden Cross | RSI 47 óptimo | MACD positivo
2026-04-26 15:09:52,IQV,5,2819.61,OBSERVAR,Golden Cross | RSI 41 rebote | Cruce MACD | Banda BB inferior
2026-04-26 15:09:52,KMI,7,551.48,COMPRAR ★★,EMA alcista | Cruce MACD | BB zona baja | Rebote EMA50 | EMA semanal alcista
2026-04-26 15:09:52,GILD,6,2265.7,COMPRAR ★★,Golden Cross | Cruce MACD | Banda BB inferior | EMA semanal alcista
2026-04-26 15:09:52,NI,7,833.83,COMPRAR ★★,EMA alcista | RSI 56 óptimo | Cruce MACD | EMA semanal alcista
2026-04-26 15:09:52,BBAJIOO,7,54.59,COMPRAR ★★,EMA alcista | RSI 41 rebote | Cruce MACD | BB zona baja | EMA semanal alcista
2026-04-26 15:09:52,TER,6,7264.14,COMPRAR ★★,EMA alcista | MACD positivo | EMA semanal alcista
2026-04-26 15:09:52,TAN,6,1013.31,COMPRAR ★★,EMA alcista | MACD positivo | EMA semanal alcista
2026-04-26 15:09:52,XLU,8,802.38,COMPRAR ★★★,EMA alcista | RSI 50 óptimo | Cruce MACD | Stoch 49 | EMA semanal alcista
2026-04-26 15:09:52,LOW,8,4247.32,COMPRAR ★★★,Golden Cross | RSI 59 óptimo | MACD positivo | Rebote EMA50 | EMA semanal alcista
2026-04-26 15:09:52,CMCSA,8,478.85,COMPRAR ★★★,RSI 50 óptimo | MACD positivo | Volumen alto | BB zona baja | EMA semanal alcista
2026-04-26 15:09:52,PCAR,6,2206.62,COMPRAR ★★,EMA alcista | MACD positivo | EMA semanal alcista
2026-04-26 15:09:52,MKTX,6,2835.43,COMPRAR ★★,Golden Cross | Cruce MACD | Banda BB inferior | EMA semanal alcista
2026-04-26 15:09:52,KLAC,7,33620.62,COMPRAR ★★,EMA alcista | MACD positivo | Volumen alto | EMA semanal alcista
2026-04-26 15:09:52,DHR,6,3079.72,COMPRAR ★★,Golden Cross | RSI 34 rebote | Cruce MACD | Volumen alto | Banda BB inferior
2026-04-26 15:09:52,FICO,5,17457.01,OBSERVAR,Golden Cross | RSI 41 rebote | MACD positivo | BB zona baja
2026-04-26 15:09:52,GWW,8,19946.33,COMPRAR ★★★,EMA alcista | RSI 58 óptimo | MACD positivo | EMA semanal alcista
2026-04-26 15:09:52,TSN,8,1112.52,COMPRAR ★★★,EMA alcista | RSI 48 óptimo | Cruce MACD | BB zona baja | EMA semanal alcista
2026-04-26 15:09:52,MGM,6,687.01,COMPRAR ★★,EMA alcista | MACD positivo | EMA semanal alcista
2026-04-26 15:09:52,GOOGL,6,5983.95,COMPRAR ★★,EMA alcista | MACD positivo | EMA semanal alcista
2026-04-26 15:09:52,IBN,5,479.55,OBSERVAR,Golden Cross | MACD positivo | Volumen alto | Rebote EMA50
2026-04-26 15:09:52,RELY,6,366.26,COMPRAR ★★,EMA alcista | MACD positivo | EMA semanal alcista
2026-04-26 15:09:52,WALMEX,4,54.3,OBSERVAR,Golden Cross | Cruce MACD | Banda BB inferior
2026-04-26 15:09:52,KIM,6,411.61,COMPRAR ★★,EMA alcista | MACD positivo | EMA semanal alcista
2026-04-26 15:09:52,BK,6,2329.12,COMPRAR ★★,EMA alcista | MACD positivo | EMA semanal alcista
2026-04-26 15:09:52,ORCL,4,3010.74,OBSERVAR,EMA alcista | MACD positivo
2026-04-26 15:09:52,APD,9,5243.08,COMPRAR ★★★,EMA alcista | RSI 61 óptimo | MACD positivo | Cruce MACD | EMA semanal alcista
2026-04-26 15:09:52,BIDU,4,2236.34,OBSERVAR,Golden Cross | MACD positivo | Volumen alto
2026-04-26 15:09:52,ZM,4,1599.02,OBSERVAR,EMA alcista | MACD positivo
2026-04-26 15:09:52,CTSH,4,957.54,OBSERVAR,Golden Cross | Cruce MACD | Banda BB inferior
2026-04-26 15:09:52,TPR,7,2534.84,COMPRAR ★★,EMA alcista | RSI 53 óptimo | Cruce MACD | EMA semanal alcista
2026-04-26 15:09:52,STLD,6,3940.48,COMPRAR ★★,EMA alcista | MACD positivo | EMA semanal alcista
2026-04-26 15:09:52,TMUS,5,3297.78,OBSERVAR,Golden Cross | RSI 39 rebote | Cruce MACD | Volumen alto | BB zona baja
2026-04-26 15:09:52,ROBO,6,1389.83,COMPRAR ★★,EMA alcista | MACD positivo | EMA semanal alcista
2026-04-26 15:09:52,CRWD,6,7786.26,COMPRAR ★★,EMA alcista | RSI 63 óptimo | MACD positivo
2026-04-26 15:09:52,LULU,6,2498.53,COMPRAR ★★,Golden Cross | RSI 39 rebote | Cruce MACD | Volumen alto | Banda BB inferior
2026-04-26 15:09:52,APH,4,2601.21,OBSERVAR,EMA alcista | MACD positivo
2026-04-26 15:09:52,AWK,8,2300.8,COMPRAR ★★★,EMA alcista | RSI 40 rebote | Cruce MACD | BB zona baja | Rebote EMA50 | EMA semanal alcista
2026-04-26 15:09:52,AVB,5,2995.1,OBSERVAR,Golden Cross | RSI 64 óptimo | MACD positivo
2026-04-26 15:09:52,ZTS,7,2030.62,COMPRAR ★★,Golden Cross | RSI 48 óptimo | Volumen alto | BB zona baja | Stoch 23 | Rebote EMA50
2026-04-26 15:09:52,HOLX,6,1320.67,COMPRAR ★★,EMA alcista | MACD positivo | EMA semanal alcista
2026-04-26 15:09:52,RIVN,8,287.04,COMPRAR ★★★,EMA alcista | RSI 61 óptimo | MACD positivo | EMA semanal alcista
2026-04-26 15:09:52,DLTR,7,1802.66,COMPRAR ★★,Golden Cross | RSI 39 rebote | MACD positivo | Stoch 46 | EMA semanal alcista
2026-04-26 15:09:52,NOC,7,9992.54,COMPRAR ★★,Golden Cross | Cruce MACD | Volumen alto | Banda BB inferior | EMA semanal alcista
2026-04-26 15:09:52,FIVN,5,287.56,OBSERVAR,Golden Cross | RSI 60 óptimo | MACD positivo
2026-04-26 15:09:52,INTC,7,1434.13,VENDER,EMA alcista | MACD positivo | Volumen alto | EMA semanal alcista | 🎯 Take Profit +21.5%
2026-04-26 15:09:52,LUV,8,685.44,COMPRAR ★★★,Golden Cross | RSI 54 óptimo | MACD positivo | Stoch 32 | EMA semanal alcista
2026-04-26 15:09:52,DHI,4,2778.26,OBSERVAR,EMA alcista | MACD positivo
2026-04-26 15:09:52,PYPL,4,877.09,OBSERVAR,EMA alcista | MACD positivo
2026-04-26 15:09:52,RMD,4,3819.89,OBSERVAR,Golden Cross | RSI 42 rebote | Banda BB inferior
2026-04-26 15:09:52,AMZN,4,4586.83,OBSERVAR,EMA alcista | MACD positivo
2026-04-26 15:09:52,MOS,3,417.0,EVITAR,Golden Cross | Cruce MACD | BB zona baja
2026-04-26 15:09:52,AVGO,4,7345.46,OBSERVAR,EMA alcista | MACD positivo
2026-04-26 15:09:52,REGN,9,13058.53,COMPRAR ★★★,Golden Cross | RSI 45 rebote | MACD positivo | Volumen alto | BB zona baja | Rebote EMA50 | EMA semanal alcista
2026-04-26 15:09:52,MKC,5,895.33,OBSERVAR,Golden Cross | RSI 56 óptimo | MACD positivo
2026-04-26 15:09:52,MDLZ,7,1000.97,COMPRAR ★★,Golden Cross | RSI 46 óptimo | Cruce MACD | Volumen alto | EMA semanal alcista
2026-04-26 15:09:52,ARKK,4,1329.19,OBSERVAR,EMA alcista | MACD positivo
2026-04-26 15:09:52,LW,3,770.06,EVITAR,Golden Cross | MACD positivo
2026-04-26 15:09:52,EWY,6,2685.65,COMPRAR ★★,EMA alcista | MACD positivo | EMA semanal alcista
2026-04-26 15:09:52,XLP,7,1446.12,COMPRAR ★★,Golden Cross | RSI 53 óptimo | MACD positivo | EMA semanal alcista
2026-04-26 15:09:52,TDY,9,11270.81,COMPRAR ★★★,EMA alcista | RSI 58 óptimo | MACD positivo | Volumen alto | EMA semanal alcista
2026-04-26 15:09:52,XLB,6,902.11,COMPRAR ★★,EMA alcista | MACD positivo | EMA semanal alcista
2026-04-26 15:09:52,MCD,7,5201.38,COMPRAR ★★,Golden Cross | RSI 37 rebote | Volumen alto | Banda BB inferior | EMA semanal alcista
2026-04-26 15:09:52,SHW,3,5867.54,EVITAR,Golden Cross | MACD positivo
2026-04-26 15:09:52,MRNA,7,881.43,COMPRAR ★★,EMA alcista | RSI 56 óptimo | BB zona baja | EMA semanal alcista
2026-04-26 15:09:52,NXPI,4,4240.19,OBSERVAR,EMA alcista | MACD positivo
2026-04-26 15:09:52,CRM,5,3095.53,OBSERVAR,Golden Cross | RSI 45 óptimo | MACD positivo
2026-04-26 15:09:52,AMP,6,8064.08,COMPRAR ★★,Golden Cross | MACD positivo | Volumen alto | EMA semanal alcista
2026-04-26 15:09:52,ANA.MC,8,4836.75,COMPRAR ★★★,EMA alcista | RSI 58 óptimo | Cruce MACD | Volumen alto | EMA semanal alcista
2026-04-26 15:09:52,POOL,4,4040.56,OBSERVAR,Golden Cross | MACD positivo | Volumen alto
2026-04-26 15:09:52,DVA,8,2638.39,COMPRAR ★★★,EMA alcista | RSI 53 óptimo | MACD positivo | EMA semanal alcista
2026-04-26 15:09:52,OTIS,6,1354.38,COMPRAR ★★,Golden Cross | RSI 49 óptimo | MACD positivo | BB zona baja
2026-04-26 15:09:52,ANET,4,3073.81,OBSERVAR,EMA alcista | MACD positivo
2026-04-26 15:09:52,HCA,7,7513.99,COMPRAR ★★,Golden Cross | Cruce MACD | Volumen alto | Banda BB inferior | EMA semanal alcista
2026-04-26 15:09:52,NTAP,6,1888.84,COMPRAR ★★,EMA alcista | RSI 64 óptimo | MACD positivo
2026-04-26 15:09:52,PWR,6,10856.6,COMPRAR ★★,EMA alcista | MACD positivo | EMA semanal alcista
2026-04-26 15:09:52,IBB,7,2949.93,COMPRAR ★★,EMA alcista | RSI 52 óptimo | Rebote EMA50 | EMA semanal alcista
2026-04-26 15:09:52,SPG,6,3495.16,COMPRAR ★★,EMA alcista | MACD positivo | EMA semanal alcista
2026-04-26 15:09:52,DUOL,5,1797.44,OBSERVAR,Golden Cross | RSI 54 óptimo | MACD positivo
2026-04-26 15:09:52,MCO,5,7923.87,OBSERVAR,Golden Cross | RSI 56 óptimo | MACD positivo
2026-04-26 15:09:52,QCOM,4,2586.27,OBSERVAR,Golden Cross | MACD positivo | Volumen alto
2026-04-26 15:09:52,MHK,4,1871.98,OBSERVAR,Golden Cross | MACD positivo | Rebote EMA50
2026-04-26 15:09:52,EXPD,7,2563.85,COMPRAR ★★,Golden Cross | RSI 55 óptimo | MACD positivo | EMA semanal alcista
2026-04-26 15:09:52,URI,6,16930.37,COMPRAR ★★,EMA alcista | Golden Cross | MACD positivo | Volumen alto
2026-04-26 15:09:52,BMY,8,1020.09,COMPRAR ★★★,EMA alcista | RSI 47 óptimo | MACD positivo | EMA semanal alcista
2026-04-26 15:09:52,LHX,6,5516.74,COMPRAR ★★,Cruce MACD | Volumen alto | Banda BB inferior | EMA semanal alcista
2026-04-26 15:09:52,ZBRA,3,3956.46,EVITAR,Golden Cross | MACD positivo
2026-04-26 15:09:52,ALK,9,722.63,COMPRAR ★★★,Golden Cross | RSI 60 óptimo | MACD positivo | Stoch 50 | Rebote EMA50 | EMA semanal alcista
2026-04-26 15:09:52,ENG.MC,6,345.63,COMPRAR ★★,EMA alcista | RSI 44 rebote | Cruce MACD | EMA semanal alcista
2026-04-26 15:09:52,PDD,5,1703.27,OBSERVAR,Golden Cross | RSI 44 rebote | Cruce MACD | Banda BB inferior
2026-04-26 15:09:52,PLTR,6,2486.19,COMPRAR ★★,Golden Cross | RSI 46 óptimo | MACD positivo | Rebote EMA50
2026-04-26 15:09:52,FIBRAMQ12,6,44.12,COMPRAR ★★,EMA alcista | MACD positivo | EMA semanal alcista
2026-04-26 15:09:52,CNC,6,726.62,COMPRAR ★★,Golden Cross | MACD positivo | Volumen alto | EMA semanal alcista
2026-04-26 15:09:52,LRCX,7,4652.68,COMPRAR ★★,EMA alcista | MACD positivo | Volumen alto | EMA semanal alcista
2026-04-26 15:09:52,MA,6,8759.95,COMPRAR ★★,Golden Cross | RSI 53 óptimo | MACD positivo | Rebote EMA50
2026-04-26 15:09:52,EWH,7,405.88,COMPRAR ★★,EMA alcista | RSI 52 óptimo | Cruce MACD | EMA semanal alcista
2026-04-26 15:09:52,WU,11,154.64,COMPRAR ★★★,EMA alcista | RSI 54 óptimo | MACD positivo | Volumen alto | BB zona baja | Rebote EMA50 | EMA semanal alcista
2026-04-26 15:09:52,HD,6,5836.09,COMPRAR ★★,Golden Cross | RSI 56 óptimo | MACD positivo | Rebote EMA50
2026-04-26 15:09:52,AFL,6,1991.52,COMPRAR ★★,EMA alcista | MACD positivo | EMA semanal alcista
2026-04-26 15:09:52,DIA,6,8552.15,COMPRAR ★★,EMA alcista | MACD positivo | EMA semanal alcista
2026-04-26 15:09:52,ZION,8,1065.78,COMPRAR ★★★,EMA alcista | RSI 63 óptimo | MACD positivo | EMA semanal alcista
2026-04-26 15:09:52,ROST,7,3933.18,COMPRAR ★★,EMA alcista | RSI 58 óptimo | Cruce MACD | EMA semanal alcista
2026-04-26 15:09:52,AC,7,218.46,COMPRAR ★★,EMA alcista | MACD positivo | Volumen alto | EMA semanal alcista
2026-04-26 15:09:52,AME,6,4047.51,COMPRAR ★★,EMA alcista | MACD positivo | EMA semanal alcista
2026-04-26 15:09:52,XLRE,6,761.55,COMPRAR ★★,EMA alcista | MACD positivo | EMA semanal alcista
2026-04-26 15:09:52,HBAN,9,284.95,COMPRAR ★★★,EMA alcista | RSI 59 óptimo | MACD positivo | Rebote EMA50 | EMA semanal alcista
2026-04-26 15:09:52,ORLY,5,1618.13,OBSERVAR,Golden Cross | RSI 54 óptimo | MACD positivo
2026-04-26 15:09:52,ITW,8,4678.91,COMPRAR ★★★,EMA alcista | RSI 60 óptimo | MACD positivo | EMA semanal alcista
2026-04-26 15:09:52,TFX,4,2372.73,OBSERVAR,EMA alcista | MACD positivo
2026-04-26 15:09:52,EBAY,9,1701.71,COMPRAR ★★★,EMA alcista | RSI 50 óptimo | MACD positivo | Volumen alto | EMA semanal alcista
2026-04-26 15:09:52,SOXX,7,8020.3,COMPRAR ★★,EMA alcista | MACD positivo | Volumen alto | EMA semanal alcista
2026-04-26 15:09:52,ALLE,6,2538.49,COMPRAR ★★,Golden Cross | RSI 61 óptimo | MACD positivo | Rebote EMA50
2026-04-26 15:09:52,BIIB,7,3203.6,COMPRAR ★★,Golden Cross | RSI 63 óptimo | MACD positivo | EMA semanal alcista
2026-04-26 15:09:52,EWC,6,1006.71,COMPRAR ★★,EMA alcista | MACD positivo | EMA semanal alcista
2026-04-26 15:09:52,JETS,10,451.75,COMPRAR ★★★,Golden Cross | RSI 57 óptimo | MACD positivo | Volumen alto | Stoch 37 | Rebote EMA50 | EMA semanal alcista
2026-04-26 15:09:52,META,4,11728.65,OBSERVAR,EMA alcista | MACD positivo
2026-04-26 15:09:52,PNR,5,1594.16,OBSERVAR,Golden Cross | MACD positivo | Volumen alto | Rebote EMA50
2026-04-26 15:09:52,CHD,8,1650.97,COMPRAR ★★★,Golden Cross | RSI 56 óptimo | MACD positivo | Rebote EMA50 | EMA semanal alcista
2026-04-26 15:09:52,WST,5,5319.53,OBSERVAR,EMA alcista | MACD positivo | Volumen alto
2026-04-26 15:09:52,RCL,6,4618.97,COMPRAR ★★,Golden Cross | RSI 45 rebote | Cruce MACD | BB zona baja | EMA semanal alcista
2026-04-26 15:09:52,WMB,7,1254.13,COMPRAR ★★,EMA alcista | RSI 47 óptimo | Cruce MACD | EMA semanal alcista
2026-04-26 15:09:52,CL,8,1470.79,COMPRAR ★★★,Golden Cross | RSI 52 óptimo | MACD positivo | Rebote EMA50 | EMA semanal alcista
2026-04-26 15:09:52,SNPS,5,8701.75,OBSERVAR,EMA alcista | MACD positivo | Volumen alto
2026-04-26 15:09:52,LYV,8,2721.62,COMPRAR ★★★,EMA alcista | RSI 46 óptimo | Cruce MACD | Stoch 32 | EMA semanal alcista
2026-04-26 15:09:52,PANW,6,3102.13,COMPRAR ★★,EMA alcista | RSI 62 óptimo | MACD positivo
2026-04-26 15:09:52,DXCM,7,1069.78,COMPRAR ★★,Golden Cross | RSI 45 rebote | MACD positivo | BB zona baja | EMA semanal alcista
2026-04-26 15:09:52,VESTA,8,63.14,COMPRAR ★★★,EMA alcista | RSI 63 óptimo | MACD positivo | EMA semanal alcista
2026-04-26 15:09:52,INTU,4,6879.63,OBSERVAR,Golden Cross | RSI 44 rebote | MACD positivo
2026-04-26 15:09:52,HPE,4,489.28,OBSERVAR,EMA alcista | MACD positivo
2026-04-26 15:09:52,FATE,6,23.11,COMPRAR ★★,EMA alcista | RSI 62 óptimo | MACD positivo
2026-04-26 15:09:52,OXY,7,992.46,COMPRAR ★★,EMA alcista | RSI 33 rebote | Cruce MACD | BB zona baja | EMA semanal alcista
2026-04-26 15:09:52,MSI,9,7614.77,COMPRAR ★★★,EMA alcista | RSI 47 óptimo | MACD positivo | Rebote EMA50 | EMA semanal alcista
2026-04-26 15:09:52,TYL,6,5942.77,COMPRAR ★★,Golden Cross | RSI 53 óptimo | MACD positivo | Rebote EMA50
2026-04-26 15:09:52,NU,5,252.11,OBSERVAR,Golden Cross | RSI 55 óptimo | MACD positivo
2026-04-26 15:09:52,AZO,6,62166.18,COMPRAR ★★,Golden Cross | RSI 61 óptimo | MACD positivo | Volumen alto
2026-04-26 15:09:52,BABA,4,2359.87,OBSERVAR,Golden Cross | MACD positivo | Rebote EMA50
2026-04-26 15:09:52,MET,4,1350.04,OBSERVAR,EMA alcista | MACD positivo
2026-04-26 15:09:52,KWEB,5,500.92,OBSERVAR,Golden Cross | RSI 56 óptimo | MACD positivo
2026-04-26 15:09:52,EW,6,1462.11,COMPRAR ★★,Golden Cross | RSI 58 óptimo | MACD positivo | Volumen alto
2026-04-26 15:09:52,BKR,7,1197.83,COMPRAR ★★,EMA alcista | MACD positivo | Volumen alto | EMA semanal alcista
2026-04-26 15:09:52,TXT,6,1528.3,COMPRAR ★★,Golden Cross | RSI 48 óptimo | BB zona baja | EMA semanal alcista
2026-04-26 15:09:52,BR,6,2694.34,COMPRAR ★★,Golden Cross | RSI 39 rebote | MACD positivo | Banda BB inferior
2026-04-26 15:09:52,ELE.MC,7,784.03,COMPRAR ★★,EMA alcista | RSI 60 óptimo | Cruce MACD | EMA semanal alcista
2026-04-26 15:09:52,VIS.MC,7,1198.99,COMPRAR ★★,EMA alcista | RSI 37 rebote | Cruce MACD | BB zona baja | EMA semanal alcista
2026-04-26 15:09:52,XLV,6,2505.13,COMPRAR ★★,Golden Cross | RSI 44 rebote | Banda BB inferior | EMA semanal alcista
2026-04-26 15:09:52,D,8,1087.33,COMPRAR ★★★,EMA alcista | RSI 52 óptimo | Cruce MACD | Stoch 46 | EMA semanal alcista
2026-04-26 15:09:52,USO,6,2300.45,COMPRAR ★★,EMA alcista | RSI 45 rebote | Cruce MACD | EMA semanal alcista
2026-04-26 15:09:52,STT,6,2619.11,COMPRAR ★★,EMA alcista | MACD positivo | EMA semanal alcista
2026-04-26 15:09:52,TJX,8,2728.4,COMPRAR ★★★,EMA alcista | RSI 41 rebote | Cruce MACD | BB zona baja | Rebote EMA50 | EMA semanal alcista
2026-04-26 15:09:52,BIO,6,5001.22,COMPRAR ★★,EMA alcista | RSI 56 óptimo | MACD positivo
2026-04-26 15:09:52,LCID,4,108.59,OBSERVAR,Golden Cross | Cruce MACD | Banda BB inferior
2026-04-26 15:09:52,ARKW,4,2428.5,OBSERVAR,EMA alcista | MACD positivo
2026-04-26 15:09:52,TRMB,6,1170.21,COMPRAR ★★,Golden Cross | RSI 58 óptimo | MACD positivo | Rebote EMA50
2026-04-26 15:09:52,CABK.MC,6,211.45,COMPRAR ★★,EMA alcista | RSI 58 óptimo | EMA semanal alcista
2026-04-26 15:09:52,FER.MC,8,1196.14,COMPRAR ★★★,EMA alcista | RSI 56 óptimo | MACD positivo | EMA semanal alcista
2026-04-26 15:09:52,MRK,8,1944.26,COMPRAR ★★★,EMA alcista | RSI 34 rebote | Cruce MACD | Banda BB inferior | EMA semanal alcista
2026-04-26 15:09:52,PSX,9,2829.52,COMPRAR ★★★,EMA alcista | RSI 33 rebote | Cruce MACD | BB zona baja | Stoch 39 | Rebote EMA50 | EMA semanal alcista
2026-04-26 15:09:52,CUERVO,4,14.9,OBSERVAR,Golden Cross | Cruce MACD | Banda BB inferior
2026-04-26 15:09:52,TEF.MC,5,79.04,OBSERVAR,EMA alcista | RSI 52 óptimo | Cruce MACD
